,last_name,first_name,gender,age,birth_dates,email,university,inscription_date,career,postal_code,location
0,joshua_hill,,m,,15/Jan/19,kbarajas@gmail.com,universidad_nacional_de_tres_de_febrero,2020-09-20,diseño_industrial,7249,
1,michael_barker,,m,,30/Nov/31,bryan82@yahoo.com,universidad_nacional_de_tres_de_febrero,2020-10-20,licenciatura_en_gestión_de_agroalimentos,3122,
2,leah_myers,,f,,23/Aug/33,longyvette@hotmail.com,_universidad_de_palermo,2020-12-20,actuario_,8364,
3,jennifer_phillips,,f,,08/Aug/90,sawyersteven@yahoo.com,universidad_nacional_de_tres_de_febrero,2020-10-21,licenciatura_en_planificación_y_diseño_del_paisaje,7135,
4,ruth_jones,,f,,15/Aug/21,twilliams@yahoo.com,universidad_nacional_de_tres_de_febrero,2020-09-21,bioquímica,5357,
5,paula_stevens,,f,,22/Oct/95,fjohnson@gmail.com,_universidad_de_palermo,2020-09-20,licenciatura_en_planificación_y_diseño_del_paisaje,3592,
6,joshua_hale,,m,,23/May/91,allenjason@gmail.com,universidad_nacional_de_tres_de_febrero,2020-11-21,técnico_para_bioterios_,2802,
7,jeanette_copeland,,f,,07/Oct/71,jonesrandall@yahoo.com,universidad_nacional_de_tres_de_febrero,2020-10-21,licenciatura_en_ciencias_de_la_computación,6317,
8,lucas_durham,,m,,12/Apr/29,matthew22@hotmail.com,universidad_nacional_de_tres_de_febrero,2020-12-20,ingeniería_mecánica,5759,
9,christopher_howard,,m,,13/Dec/11,qhansen@gmail.com,_universidad_de_palermo,2020-09-21,licenciatura_en_planificación_y_diseño_del_paisaje,2501,
10,meagan_livingston_md,,f,,12/Mar/48,taylorscott@yahoo.com,universidad_nacional_de_tres_de_febrero,2020-12-21,licenciatura_en_ciencias_ambientales,8308,
11,judith_nelson,,f,,02/Sep/70,emcdonald@yahoo.com,universidad_nacional_de_tres_de_febrero,2020-11-21,licenciatura_en_ciencia_y_tecnología_de_alimentos,3541,
12,brian_sanchez,,m,,17/Sep/04,duranrobin@gmail.com,_universidad_de_palermo,2020-10-20,licenciatura_en_sociología_,3127,
13,douglas_mitchell,,m,,02/May/37,andersonjudy@gmail.com,_universidad_de_palermo,2020-10-20,medicina,9121,
14,jeffrey_diaz,,m,,06/Dec/07,alexanderedwards@yahoo.com,_universidad_de_palermo,2020-11-20,licenciatura_en_ciencia_y_tecnología_de_alimentos,8504,
15,jose_riley,,m,,04/Jun/86,morganhammond@yahoo.com,_universidad_de_palermo,2020-11-20,medicina,3545,
16,james_lopez,,m,,28/Aug/20,vharris@yahoo.com,universidad_nacional_de_tres_de_febrero,2020-10-19,licenciatura_en_ciencias_de_la_educación_,6645,
17,kenneth_walker,,m,,23/Dec/61,kellyangela@yahoo.com,universidad_nacional_de_tres_de_febrero,2020-09-21,licenciatura_en_ciencias_de_la_educación_,2222,
18,michael_willis,,m,,28/Aug/59,troymartinez@gmail.com,_universidad_de_palermo,2020-10-21,licenciatura_en_ciencias_biológicas,2177,
19,steven_russell,,m,,26/Mar/06,david33@gmail.com,_universidad_de_palermo,2020-09-20,ciencias_veterinarias,5405,
20,leslie_allen,,f,,14/Jan/13,sjohns@gmail.com,universidad_nacional_de_tres_de_febrero,2020-09-20,técnico_para_bioterios_,3433,
21,tyler_figueroa,,m,,08/Apr/21,jamesbenitez@yahoo.com,_universidad_de_palermo,2020-09-20,licenciatura_en_ciencias_biológicas,1834,
22,rachel_black,,f,,03/Nov/52,morganstephen@yahoo.com,_universidad_de_palermo,2021-01-21,licenciatura_en_terapia_ocupacional,3263,
23,dawn_randolph,,f,,05/Aug/05,blackbobby@gmail.com,_universidad_de_palermo,2020-10-19,licenciatura_en_ciencias_de_la_computación,3474,
24,crystal_wright,,f,,18/May/44,thomas56@gmail.com,universidad_nacional_de_tres_de_febrero,2020-10-20,ingeniería_electrónica,9411,
25,andrew_wallace,,m,,20/Jan/04,martincassandra@yahoo.com,_universidad_de_palermo,2020-11-21,licenciatura_en_ciencias_ambientales,6628,
26,victoria_benson,,f,,07/Jun/89,ellisanthony@hotmail.com,_universidad_de_palermo,2020-12-21,licenciatura_en_ciencias_antropológicas,7136,
27,jacob_wolf,,m,,19/Apr/62,gilberttroy@gmail.com,universidad_nacional_de_tres_de_febrero,2020-12-19,licenciatura_en_ciencias_antropológicas,9007,
28,steven_fields,,m,,04/Dec/14,coffeyryan@yahoo.com,universidad_nacional_de_tres_de_febrero,2020-09-20,diseño_de_imagen_y_sonido,6601,
29,tammy_vaughn,,f,,05/Feb/94,joshua13@yahoo.com,universidad_nacional_de_tres_de_febrero,2020-09-20,licenciatura_en_kinesiología_y_fisiatría,2315,
30,steven_valdez,,m,,25/Sep/80,ryanmelanie@yahoo.com,universidad_nacional_de_tres_de_febrero,2020-09-20,licenciatura_en_ciencias_de_la_educación_,2101,
31,travis_robinson,,m,,12/Oct/20,marc34@hotmail.com,_universidad_de_palermo,2020-10-20,licenciatura_en_ciencias_de_la_educación_,4147,
32,anthony_weber,,m,,13/Sep/45,jason00@hotmail.com,universidad_nacional_de_tres_de_febrero,2020-12-21,medicina,5724,
33,brian_mason,,m,,16/Feb/17,desiree09@gmail.com,_universidad_de_palermo,2020-11-19,diseño_industrial,3045,
34,deanna_nelson,,f,,26/Mar/03,chungmichael@hotmail.com,universidad_nacional_de_tres_de_febrero,2020-12-21,ciencias_veterinarias,3057,
35,jennifer_waters,,f,,17/Feb/59,dshelton@gmail.com,_universidad_de_palermo,2021-01-21,ingeniería_en_informática,3144,
36,misty_mercado,,f,,13/Sep/36,delgadotaylor@hotmail.com,universidad_nacional_de_tres_de_febrero,2021-01-21,farmacia,8107,
37,christopher_evans,,m,,06/Dec/71,flee@yahoo.com,_universidad_de_palermo,2020-11-20,licenciatura_en_musicoterapia,4648,
38,charles_perry,,m,,06/Jun/42,taylorjessica@yahoo.com,universidad_nacional_de_tres_de_febrero,2020-11-21,diseño_industrial,1856,
39,terry_berg,,m,,21/Jan/17,aprice@hotmail.com,_universidad_de_palermo,2020-10-21,licenciatura_en_ciencias_geológicas,1849,
40,jessica_woods,,f,,11/Oct/21,watsonmathew@yahoo.com,universidad_nacional_de_tres_de_febrero,2020-10-20,licenciatura_en_sociología_,5261,
41,robert_cummings,,m,,24/Oct/07,stephen77@yahoo.com,universidad_nacional_de_tres_de_febrero,2020-12-20,diseño_industrial,5636,
42,kayla_roman,,f,,22/May/10,jordanmalik@gmail.com,universidad_nacional_de_tres_de_febrero,2020-10-20,licenciatura_en_ciencias_biológicas,1621,
43,marc_buckley,,m,,21/Sep/03,obrown@yahoo.com,universidad_nacional_de_tres_de_febrero,2021-01-20,licenciatura_en_relaciones_del_trabajo_,7011,
44,william_byrd,,m,,20/May/81,riceroberta@gmail.com,universidad_nacional_de_tres_de_febrero,2020-12-19,licenciatura_en_ciencia_y_tecnología_de_alimentos,2740,
45,jordan_kelly,,f,,04/Feb/83,aibarra@gmail.com,_universidad_de_palermo,2021-01-20,ingeniería_en_informática,8300,
46,michael_edwards,,m,,02/Oct/15,taracasey@gmail.com,universidad_nacional_de_tres_de_febrero,2020-10-19,ingeniería_en_informática,3560,
47,michelle_faulkner,,f,,01/Sep/01,wrussell@hotmail.com,_universidad_de_palermo,2020-12-21,licenciatura_en_relaciones_del_trabajo_,1919,
48,karen_middleton,,f,,02/Sep/57,angela01@hotmail.com,universidad_nacional_de_tres_de_febrero,2020-11-20,técnico_para_bioterios_,8431,
49,john_frank,,m,,27/Oct/67,wilsonalice@hotmail.com,_universidad_de_palermo,2020-10-19,licenciatura_en_ciencias_de_la_computación,4751,
50,tony_williamson,,m,,31/Jul/43,vmclaughlin@hotmail.com,_universidad_de_palermo,2020-11-21,licenciatura_en_artes,2533,
51,caitlin_jordan,,f,,07/Sep/58,williamsderek@hotmail.com,universidad_nacional_de_tres_de_febrero,2021-01-21,licenciatura_en_ciencias_biológicas,2802,
52,lauren_stevens,,f,,03/Jul/17,fgriffith@yahoo.com,_universidad_de_palermo,2020-12-19,licenciatura_en_ciencias_de_la_computación,4724,
53,kristine_hicks,,f,,24/Jan/15,benjamin88@gmail.com,universidad_nacional_de_tres_de_febrero,2020-11-21,ingeniería_mecánica,3507,
54,alexandra_hall,,f,,26/Feb/40,butleralyssa@yahoo.com,_universidad_de_palermo,2020-10-20,bioquímica,6062,
55,ian_bolton,,m,,02/Apr/99,ronnie24@gmail.com,universidad_nacional_de_tres_de_febrero,2020-11-21,licenciatura_en_artes,8103,
56,nichole_martinez,,f,,20/Jan/09,kylethomas@hotmail.com,_universidad_de_palermo,2020-11-21,licenciatura_en_ciencias_antropológicas,4168,
57,philip_tyler,,m,,19/Mar/91,snorris@gmail.com,_universidad_de_palermo,2020-11-19,arquitectura,2449,
58,donna_potter,,f,,07/Sep/53,paul30@hotmail.com,_universidad_de_palermo,2020-11-19,agronomía,8504,
59,randall_dorsey,,m,,29/Oct/81,cruznicole@hotmail.com,universidad_nacional_de_tres_de_febrero,2020-12-20,licenciatura_en_producción_de_bioimagenes,3051,
60,christine_white,,f,,25/May/21,gardnerfrederick@hotmail.com,universidad_nacional_de_tres_de_febrero,2020-11-19,bioquímica,3313,
61,stephen_garcia,,m,,31/Jan/88,daveeaton@hotmail.com,universidad_nacional_de_tres_de_febrero,2020-12-20,licenciatura_en_ciencias_de_la_educación_,3718,
62,marcus_garcia,,m,,20/Jul/43,zwilliams@hotmail.com,_universidad_de_palermo,2020-12-20,licenciatura_en_ciencias_biológicas,3733,
63,eugene_willis,,m,,09/Aug/71,ymolina@hotmail.com,universidad_nacional_de_tres_de_febrero,2020-10-21,licenciatura_en_ciencia_política_,3516,
64,benjamin_hill_iv,,m,,08/Jun/22,riveraharold@hotmail.com,universidad_nacional_de_tres_de_febrero,2020-11-21,licenciatura_en_gestión_de_agroalimentos,3418,
65,jody_anderson,,f,,19/Mar/19,mpitts@yahoo.com,universidad_nacional_de_tres_de_febrero,2020-10-19,actuario_,4503,
66,levi_gilbert,,m,,18/Aug/07,robersondennis@yahoo.com,universidad_nacional_de_tres_de_febrero,2020-11-19,ingeniería_electrónica,8138,
67,robert_walton,,m,,15/Feb/33,wbuchanan@yahoo.com,universidad_nacional_de_tres_de_febrero,2020-10-19,ciencias_veterinarias,5260,
68,katrina_ramirez,,f,,05/Jun/89,gellis@gmail.com,_universidad_de_palermo,2020-10-21,licenciatura_en_relaciones_del_trabajo_,1716,
69,laura_salinas,,f,,10/Jul/19,vegaharold@gmail.com,_universidad_de_palermo,2021-01-20,licenciatura_en_producción_de_bioimagenes,6455,
70,ashley_barnett,,f,,03/Jul/06,xwilson@hotmail.com,_universidad_de_palermo,2020-11-21,licenciatura_en_artes,2449,
71,david_miles,,m,,28/Jul/59,ibrown@yahoo.com,_universidad_de_palermo,2020-12-21,agronomía,8174,
72,anthony_bradford,,m,,09/Feb/28,rasmussenashley@yahoo.com,_universidad_de_palermo,2020-11-19,licenciatura_en_kinesiología_y_fisiatría,4128,
73,michael_fox,,m,,16/Jun/89,ericbarnes@yahoo.com,universidad_nacional_de_tres_de_febrero,2020-12-21,licenciatura_en_kinesiología_y_fisiatría,6455,
74,olivia_duran,,f,,16/Apr/62,luis88@yahoo.com,_universidad_de_palermo,2020-12-19,bioquímica,1858,
75,beverly_clark,,f,,11/Jan/38,nicholas25@hotmail.com,universidad_nacional_de_tres_de_febrero,2020-09-20,licenciatura_en_ciencias_antropológicas,2309,
76,stacey_franklin,,f,,16/Jul/11,timothy56@hotmail.com,_universidad_de_palermo,2020-10-21,bioquímica,3716,
77,christopher_miller,,m,,27/Apr/64,michael14@hotmail.com,_universidad_de_palermo,2020-11-19,bioquímica,1649,
78,ashley_hicks,,f,,17/Oct/68,alice31@gmail.com,universidad_nacional_de_tres_de_febrero,2020-12-21,ciencias_veterinarias,4622,
79,michael_tran,,m,,07/Aug/68,alexisburns@gmail.com,_universidad_de_palermo,2021-01-21,bioquímica,1903,
80,brenda_haynes,,f,,30/Aug/02,evargas@gmail.com,_universidad_de_palermo,2020-09-21,licenciatura_en_relaciones_del_trabajo_,8407,
81,kimberly_hawkins,,f,,21/Sep/08,brownmichelle@yahoo.com,_universidad_de_palermo,2020-10-20,bioquímica,4234,
82,anthony_crosby,,m,,28/Jun/72,howard28@yahoo.com,universidad_nacional_de_tres_de_febrero,2021-01-20,ingeniería_electrónica,1627,
83,joshua_davis,,m,,24/Jul/08,katherinenewman@yahoo.com,universidad_nacional_de_tres_de_febrero,2020-12-20,ingeniería_electrónica,4155,
84,caroline_mcmahon,,f,,21/Apr/15,lawrencebrenda@yahoo.com,_universidad_de_palermo,2020-10-20,licenciatura_en_relaciones_del_trabajo_,9037,
85,christine_sanchez,,f,,10/May/80,jonesrandall@yahoo.com,_universidad_de_palermo,2020-10-21,ingeniería_electrónica,2531,
86,ryan_walker,,m,,06/May/06,douglas94@gmail.com,universidad_nacional_de_tres_de_febrero,2020-11-19,licenciatura_en_ciencias_ambientales,3132,
87,stephen_lloyd,,m,,18/Oct/07,ibarrarichard@gmail.com,_universidad_de_palermo,2020-09-21,diseño_industrial,6628,
88,donna_warren,,f,,30/Jul/06,johnwhite@hotmail.com,_universidad_de_palermo,2020-10-21,bioquímica,4149,
89,anthony_rowe,,m,,14/Oct/94,xmurphy@hotmail.com,universidad_nacional_de_tres_de_febrero,2020-11-21,licenciatura_en_gestión_de_agroalimentos,1865,
90,courtney_king,,f,,16/Oct/09,michael63@yahoo.com,universidad_nacional_de_tres_de_febrero,2021-01-20,ingeniería_mecánica,5513,
91,christopher_obrien,,m,,31/Jan/55,jill85@gmail.com,_universidad_de_palermo,2020-11-21,licenciatura_en_administración_,9003,
92,sara_hernandez,,f,,28/Oct/43,hilljoshua@yahoo.com,universidad_nacional_de_tres_de_febrero,2020-09-21,ciencias_veterinarias,6407,
93,jason_butler,,m,,07/Nov/26,thomascarroll@yahoo.com,universidad_nacional_de_tres_de_febrero,2020-12-19,licenciatura_en_ciencias_de_la_computación,5465,
94,paige_kelly,,f,,15/May/10,kochandrew@hotmail.com,_universidad_de_palermo,2020-12-21,licenciatura_en_ciencias_ambientales,1824,
95,bryan_wright,,m,,15/Apr/33,dalton25@hotmail.com,_universidad_de_palermo,2021-01-20,licenciatura_en_relaciones_del_trabajo_,2451,
96,william_williams,,m,,20/Aug/85,kirkpeter@hotmail.com,universidad_nacional_de_tres_de_febrero,2020-11-20,licenciatura_en_sociología_,7225,
97,christine_richards,,f,,14/Nov/08,munozlinda@hotmail.com,universidad_nacional_de_tres_de_febrero,2020-10-21,ingeniería_electrónica,4650,
98,angela_morgan,,f,,02/Jun/33,blaketraci@gmail.com,_universidad_de_palermo,2021-01-20,licenciatura_en_musicoterapia,6550,
99,carolyn_perez_dvm,,f,,07/Mar/89,vanessa00@yahoo.com,_universidad_de_palermo,2020-10-21,licenciatura_en_ciencias_biológicas,9227,
100,madison_jenkins,,f,,09/May/01,victoria98@gmail.com,_universidad_de_palermo,2021-01-21,licenciatura_en_artes,7240,
101,cheryl_bauer,,f,,22/Jan/40,jessica11@gmail.com,_universidad_de_palermo,2020-10-21,licenciatura_en_musicoterapia,5567,
102,ronald_moore,,m,,14/Jul/09,lmcdonald@yahoo.com,universidad_nacional_de_tres_de_febrero,2020-11-21,contador_público_,7609,
103,brandi_shields,,f,,08/Feb/35,randycarroll@yahoo.com,universidad_nacional_de_tres_de_febrero,2020-09-21,licenciatura_en_musicoterapia,2407,
104,kelsey_carroll,,f,,08/Mar/34,mary07@hotmail.com,_universidad_de_palermo,2020-12-20,licenciatura_en_ciencias_geológicas,6471,
105,justin_mosley,,m,,03/Aug/39,bhuang@gmail.com,_universidad_de_palermo,2020-09-20,licenciatura_en_sociología_,9303,
106,james_bell,,m,,25/Jan/01,kingelizabeth@yahoo.com,_universidad_de_palermo,2020-12-19,licenciatura_en_sociología_,6407,
107,john_guerrero,,m,,10/Oct/95,james96@gmail.com,_universidad_de_palermo,2020-10-19,contador_público_,5584,
108,gregory_benitez,,m,,16/Jun/40,murraycarol@yahoo.com,universidad_nacional_de_tres_de_febrero,2020-09-20,licenciatura_en_ciencias_de_la_computación,7530,
109,christina_clark,,f,,27/Apr/23,cohenjennifer@hotmail.com,_universidad_de_palermo,2020-09-20,licenciatura_en_ciencias_de_la_computación,2720,
110,lee_fernandez,,m,,30/Dec/80,jvalencia@yahoo.com,universidad_nacional_de_tres_de_febrero,2020-11-20,actuario_,3231,
111,rebecca_lopez,,f,,08/Apr/21,egarcia@gmail.com,_universidad_de_palermo,2020-10-21,licenciatura_en_ciencia_política_,8336,
112,john_harding,,m,,29/Oct/09,adam47@gmail.com,_universidad_de_palermo,2021-01-21,actuario_,2252,
113,matthew_russell,,m,,25/Dec/18,jmorales@hotmail.com,_universidad_de_palermo,2020-10-21,agronomía,1617,
114,hector_greene,,m,,03/Jul/43,allencasey@hotmail.com,universidad_nacional_de_tres_de_febrero,2020-10-19,licenciatura_en_sociología_,8506,
115,elizabeth_henry,,f,,03/Apr/39,onealtrevor@yahoo.com,_universidad_de_palermo,2020-10-21,licenciatura_en_psicología,4231,
116,bonnie_kirby,,f,,30/Jun/24,bryansantos@yahoo.com,universidad_nacional_de_tres_de_febrero,2020-11-21,licenciatura_en_musicoterapia,7172,
117,rachael_bright,,f,,29/Apr/35,stephaniepratt@gmail.com,universidad_nacional_de_tres_de_febrero,2020-12-20,licenciatura_en_producción_de_bioimagenes,3137,
118,charles_thomas,,m,,20/Feb/61,westwanda@yahoo.com,_universidad_de_palermo,2020-11-20,licenciatura_en_artes,1771,
119,isaac_valdez,,m,,14/Dec/50,jacqueline85@yahoo.com,universidad_nacional_de_tres_de_febrero,2020-12-21,licenciatura_en_ciencias_geológicas,3580,
120,audrey_knox,,f,,09/May/52,allenrebecca@gmail.com,universidad_nacional_de_tres_de_febrero,2021-01-21,licenciatura_en_kinesiología_y_fisiatría,3194,
121,andrew_wagner,,m,,07/Mar/18,lowens@gmail.com,universidad_nacional_de_tres_de_febrero,2020-12-20,licenciatura_en_ciencia_política_,1856,
122,lisa_fisher,,f,,16/Jul/12,pyoung@yahoo.com,universidad_nacional_de_tres_de_febrero,2020-09-20,licenciatura_en_ciencias_geológicas,4137,
123,jill_lynch,,f,,27/Jan/20,melissa32@hotmail.com,universidad_nacional_de_tres_de_febrero,2020-12-20,medicina,1903,
124,aaron_morgan,,m,,11/Feb/21,regina13@gmail.com,_universidad_de_palermo,2020-12-19,licenciatura_en_ciencias_biológicas,6535,
125,clarence_riley,,m,,18/Jan/20,arthur96@yahoo.com,_universidad_de_palermo,2020-10-19,arquitectura,2720,
126,dylan_williams,,m,,06/Feb/62,jmathews@gmail.com,_universidad_de_palermo,2021-01-20,licenciatura_en_gestión_de_agroalimentos,6303,
127,susan_cooper,,f,,06/Jul/25,mphillips@gmail.com,universidad_nacional_de_tres_de_febrero,2020-10-20,licenciatura_en_gestión_de_agroalimentos,6070,
128,monica_obrien,,f,,08/Mar/99,xedwards@hotmail.com,_universidad_de_palermo,2020-10-21,licenciatura_en_terapia_ocupacional,5533,
129,philip_ramirez,,m,,20/Jan/32,dmiller@gmail.com,_universidad_de_palermo,2020-11-20,medicina,8101,
130,christina_gutierrez,,f,,21/Aug/19,jcarpenter@yahoo.com,universidad_nacional_de_tres_de_febrero,2020-12-19,licenciatura_en_musicoterapia,3216,
131,eric_scott,,m,,16/Jun/02,leahkeller@hotmail.com,universidad_nacional_de_tres_de_febrero,2020-10-21,agronomía,5835,
132,jacob_rice,,m,,19/Jun/66,taylorpatricia@yahoo.com,universidad_nacional_de_tres_de_febrero,2020-12-21,contador_público_,8505,
133,terri_glover,,f,,24/Jun/13,gene40@yahoo.com,universidad_nacional_de_tres_de_febrero,2020-11-20,licenciatura_en_sociología_,2303,
134,ricky_baker,,m,,07/Nov/41,kellerjoseph@yahoo.com,universidad_nacional_de_tres_de_febrero,2020-12-20,licenciatura_en_ciencias_geológicas,4155,
135,christina_duran,,f,,02/Feb/15,olynch@gmail.com,universidad_nacional_de_tres_de_febrero,2020-09-20,ciencias_veterinarias,5705,
136,sara_brooks,,f,,01/Dec/03,lmunoz@gmail.com,_universidad_de_palermo,2020-10-20,ciencias_veterinarias,5707,
137,michael_fisher,,m,,22/Jul/26,stronggwendolyn@hotmail.com,universidad_nacional_de_tres_de_febrero,2020-10-19,licenciatura_en_ciencias_de_la_computación,3513,
138,amber_christian,,f,,16/Jun/36,beckterri@hotmail.com,_universidad_de_palermo,2020-11-21,licenciatura_en_terapia_ocupacional,6561,
139,philip_fowler,,m,,05/Feb/49,laura68@gmail.com,universidad_nacional_de_tres_de_febrero,2020-09-20,licenciatura_en_administración_,2456,
140,bobby_hicks,,m,,22/Mar/55,mgardner@hotmail.com,universidad_nacional_de_tres_de_febrero,2020-11-19,licenciatura_en_ciencias_de_la_computación,4648,
141,jessica_eaton,,f,,16/Jul/72,erin94@gmail.com,universidad_nacional_de_tres_de_febrero,2021-01-21,licenciatura_en_musicoterapia,7400,
142,todd_howard,,m,,20/Apr/01,rasmussentiffany@hotmail.com,_universidad_de_palermo,2021-01-21,licenciatura_en_ciencia_y_tecnología_de_alimentos,1874,
143,anthony_wilson,,m,,26/Sep/10,oreynolds@hotmail.com,universidad_nacional_de_tres_de_febrero,2020-09-20,licenciatura_en_psicología,2800,
144,jared_wilkerson,,m,,18/May/91,wheeleralexandra@yahoo.com,universidad_nacional_de_tres_de_febrero,2020-12-20,diseño_industrial,6042,
145,vanessa_gordon,,f,,10/Aug/02,hughessandra@yahoo.com,universidad_nacional_de_tres_de_febrero,2020-12-19,licenciatura_en_psicología,5311,
146,becky_frank,,f,,16/Jun/12,josephhunter@gmail.com,universidad_nacional_de_tres_de_febrero,2020-11-19,ciencias_veterinarias,1733,
147,tracy_miller,,f,,16/Nov/68,wsmith@gmail.com,universidad_nacional_de_tres_de_febrero,2020-11-19,actuario_,5871,
148,jamie_suarez,,f,,07/May/25,justinharvey@hotmail.com,universidad_nacional_de_tres_de_febrero,2020-11-19,licenciatura_en_producción_de_bioimagenes,8336,
149,james_jackson,,m,,16/Aug/93,john18@yahoo.com,_universidad_de_palermo,2020-12-19,licenciatura_en_terapia_ocupacional,5777,
150,angela_marsh,,f,,09/Sep/81,lindsayhamilton@yahoo.com,_universidad_de_palermo,2020-12-20,licenciatura_en_ciencias_antropológicas,2156,
151,maria_lester,,f,,18/Feb/58,zsmith@gmail.com,universidad_nacional_de_tres_de_febrero,2021-01-21,licenciatura_en_relaciones_del_trabajo_,5633,
152,abigail_osborne,,f,,07/Aug/94,vbarton@hotmail.com,universidad_nacional_de_tres_de_febrero,2020-09-20,licenciatura_en_ciencias_ambientales,6201,
153,grace_cabrera,,f,,23/Mar/97,martinezamy@yahoo.com,_universidad_de_palermo,2020-12-20,licenciatura_en_artes,8170,
154,stephen_travis,,m,,19/Sep/84,joshuaowen@yahoo.com,_universidad_de_palermo,2020-09-20,licenciatura_en_musicoterapia,2740,
155,trevor_stevenson,,m,,13/Feb/09,grace08@gmail.com,universidad_nacional_de_tres_de_febrero,2020-09-21,licenciatura_en_sociología_,1735,
156,douglas_andrews,,m,,19/Oct/37,melissa31@yahoo.com,_universidad_de_palermo,2020-09-20,licenciatura_en_kinesiología_y_fisiatría,3326,
157,james_parker,,m,,16/May/13,amontoya@hotmail.com,_universidad_de_palermo,2020-12-19,ciencias_veterinarias,7505,
158,marc_rogers,,m,,27/Apr/75,larrynichols@gmail.com,universidad_nacional_de_tres_de_febrero,2020-10-21,bioquímica,6441,
159,emily_macdonald,,f,,06/Dec/15,allen25@hotmail.com,_universidad_de_palermo,2020-10-19,diseño_industrial,7307,
160,kristin_wright,,f,,24/Dec/18,jgrant@yahoo.com,_universidad_de_palermo,2020-10-19,bioquímica,1712,
161,brian_tucker,,m,,16/Aug/22,jonesjeff@yahoo.com,universidad_nacional_de_tres_de_febrero,2020-11-20,licenciatura_en_terapia_ocupacional,3234,
162,peter_schneider,,m,,30/Nov/72,christine23@yahoo.com,_universidad_de_palermo,2020-12-20,licenciatura_en_psicología,7414,
163,gary_daniels,,m,,14/Nov/96,atkinsjames@yahoo.com,_universidad_de_palermo,2020-10-19,licenciatura_en_ciencias_de_la_educación_,3009,
164,johnny_christian,,m,,01/Dec/09,danielsjoel@hotmail.com,_universidad_de_palermo,2020-10-20,licenciatura_en_gestión_de_agroalimentos,3451,
165,travis_erickson,,m,,13/Feb/26,martin95@gmail.com,universidad_nacional_de_tres_de_febrero,2020-11-21,licenciatura_en_ciencias_biológicas,2603,
166,anna_munoz,,f,,14/Oct/36,pagecody@yahoo.com,universidad_nacional_de_tres_de_febrero,2021-01-21,licenciatura_en_ciencia_y_tecnología_de_alimentos,4107,
167,jesus_brown,,m,,25/Aug/10,josephdillon@hotmail.com,_universidad_de_palermo,2020-11-20,diseño_de_imagen_y_sonido,4500,
168,edward_melendez,,m,,26/Mar/10,kfigueroa@yahoo.com,universidad_nacional_de_tres_de_febrero,2020-12-21,agronomía,8105,
169,bradley_kramer,,m,,11/Aug/84,william84@yahoo.com,universidad_nacional_de_tres_de_febrero,2020-11-21,medicina,2305,
170,kevin_johnson,,m,,25/Jul/08,mark27@gmail.com,universidad_nacional_de_tres_de_febrero,2020-11-20,ingeniería_electrónica,6017,
171,kiara_ashley,,f,,28/Dec/27,otownsend@yahoo.com,universidad_nacional_de_tres_de_febrero,2020-09-20,licenciatura_en_ciencias_ambientales,6063,
172,breanna_gray,,f,,28/Nov/94,danielsbrett@gmail.com,_universidad_de_palermo,2020-11-20,ingeniería_en_informática,5612,
173,joshua_james,,m,,08/May/20,njones@gmail.com,_universidad_de_palermo,2020-09-21,licenciatura_en_ciencias_ambientales,2240,
174,ronald_castillo,,m,,15/May/15,gregorypham@hotmail.com,_universidad_de_palermo,2020-12-20,ingeniería_mecánica,6361,
175,ashley_clark,,f,,08/Mar/14,kristi88@yahoo.com,universidad_nacional_de_tres_de_febrero,2021-01-21,licenciatura_en_sociología_,5541,
176,sharon_davis,,f,,25/Oct/10,hvang@yahoo.com,_universidad_de_palermo,2020-09-21,diseño_industrial,1741,
177,tiffany_burnett,,f,,06/May/80,pmorgan@yahoo.com,universidad_nacional_de_tres_de_febrero,2020-11-19,arquitectura,4152,
178,kenneth_wheeler,,m,,03/May/21,andrew88@gmail.com,_universidad_de_palermo,2020-09-21,licenciatura_en_ciencias_ambientales,3540,
179,jessica_carter,,f,,12/Jun/69,jason71@yahoo.com,_universidad_de_palermo,2020-11-19,licenciatura_en_artes,2823,
180,jessica_hughes,,f,,24/Apr/41,luceroronald@gmail.com,universidad_nacional_de_tres_de_febrero,2020-10-20,licenciatura_en_ciencias_biológicas,4504,
181,jason_wells,,m,,17/Nov/41,gibsongina@yahoo.com,_universidad_de_palermo,2020-12-21,actuario_,1925,
182,todd_robertson,,m,,03/Apr/41,pamelashepherd@hotmail.com,_universidad_de_palermo,2021-01-20,licenciatura_en_psicología,8409,
183,mrs._christine_ware_dvm,,f,,08/Jan/13,phillip35@hotmail.com,universidad_nacional_de_tres_de_febrero,2020-10-20,arquitectura,6365,
184,jacob_hughes,,m,,22/Apr/22,mflores@hotmail.com,_universidad_de_palermo,2020-12-19,licenciatura_en_musicoterapia,1808,
185,ryan_henry,,m,,13/Jan/53,leachbrandon@gmail.com,_universidad_de_palermo,2021-01-20,contador_público_,6058,
186,tina_patton,,f,,28/Feb/69,ihall@hotmail.com,_universidad_de_palermo,2020-12-21,ciencias_veterinarias,2601,
187,kellie_rice,,f,,12/Dec/69,david46@gmail.com,_universidad_de_palermo,2020-11-21,diseño_industrial,5429,
188,shelby_fernandez_dds,,f,,04/Jan/40,dixonrobert@gmail.com,universidad_nacional_de_tres_de_febrero,2021-01-21,licenciatura_en_terapia_ocupacional,3543,
189,ricky_williams,,m,,17/Feb/35,wjackson@hotmail.com,_universidad_de_palermo,2020-11-19,licenciatura_en_musicoterapia,3572,
190,paul_caldwell,,m,,06/Jul/84,hatfieldkristina@gmail.com,universidad_nacional_de_tres_de_febrero,2020-11-20,ingeniería_en_informática,3574,
191,katherine_figueroa,,f,,13/May/93,ballen@yahoo.com,universidad_nacional_de_tres_de_febrero,2020-12-21,licenciatura_en_sociología_,2113,
192,max_bailey,,m,,01/Jun/83,james07@hotmail.com,universidad_nacional_de_tres_de_febrero,2021-01-20,licenciatura_en_ciencias_antropológicas,7513,
193,alan_craig,,m,,09/Nov/09,kwilliams@gmail.com,universidad_nacional_de_tres_de_febrero,2020-10-20,licenciatura_en_kinesiología_y_fisiatría,4133,
194,daniel_tucker,,m,,28/Dec/88,gibbsangela@gmail.com,_universidad_de_palermo,2020-09-21,licenciatura_en_gestión_de_agroalimentos,2181,
195,kathryn_castaneda,,f,,03/Apr/09,walkerbradley@yahoo.com,universidad_nacional_de_tres_de_febrero,2020-11-19,licenciatura_en_psicología,1741,
196,robert_reyes,,m,,20/Mar/63,peter59@yahoo.com,_universidad_de_palermo,2020-10-21,diseño_de_imagen_y_sonido,2138,
197,meghan_freeman,,f,,03/Oct/47,cruzthomas@hotmail.com,_universidad_de_palermo,2021-01-21,actuario_,3309,
198,richard_clark,,m,,30/May/35,rodney53@hotmail.com,universidad_nacional_de_tres_de_febrero,2020-11-19,licenciatura_en_ciencia_política_,9203,
199,kathleen_schmidt,,f,,17/Sep/27,froberts@gmail.com,_universidad_de_palermo,2020-10-19,licenciatura_en_artes,2123,
200,sarah_jacobs,,f,,04/Jun/05,jennyreed@yahoo.com,universidad_nacional_de_tres_de_febrero,2020-11-21,licenciatura_en_ciencia_política_,8153,
201,micheal_calderon,,m,,01/May/79,colemanjennifer@gmail.com,universidad_nacional_de_tres_de_febrero,2020-12-21,farmacia,7247,
202,mary_peters,,f,,04/Sep/62,williamskenneth@yahoo.com,_universidad_de_palermo,2020-10-21,licenciatura_en_terapia_ocupacional,4653,
203,richard_chavez,,m,,03/Mar/27,cynthiaanderson@gmail.com,universidad_nacional_de_tres_de_febrero,2021-01-21,ingeniería_electrónica,5701,
204,dennis_king,,m,,08/May/74,ryan16@gmail.com,universidad_nacional_de_tres_de_febrero,2020-09-21,licenciatura_en_ciencias_de_la_computación,8164,
205,christine_frey,,f,,23/Mar/85,dawnwilliams@hotmail.com,universidad_nacional_de_tres_de_febrero,2021-01-20,licenciatura_en_producción_de_bioimagenes,3505,
206,jamie_lowe,,f,,12/Apr/45,kwheeler@hotmail.com,_universidad_de_palermo,2020-12-20,licenciatura_en_ciencias_antropológicas,3263,
207,tamara_johnson,,f,,08/Jun/05,wagnerjennifer@yahoo.com,_universidad_de_palermo,2021-01-21,licenciatura_en_ciencias_biológicas,5405,
208,cassandra_andrews,,f,,10/Sep/20,thomasjennifer@gmail.com,_universidad_de_palermo,2020-11-20,medicina,8105,
209,marissa_wright,,f,,26/Feb/19,camachostephanie@gmail.com,_universidad_de_palermo,2021-01-20,licenciatura_en_musicoterapia,8360,
210,joshua_wiggins,,m,,10/Aug/10,stephaniepowers@yahoo.com,universidad_nacional_de_tres_de_febrero,2020-10-20,licenciatura_en_sociología_,8326,
211,melinda_terry,,f,,15/Mar/15,schmidtrichard@yahoo.com,_universidad_de_palermo,2020-11-20,licenciatura_en_ciencias_geológicas,2447,
212,cheryl_porter,,f,,22/Oct/07,harrisjuan@gmail.com,_universidad_de_palermo,2020-09-20,licenciatura_en_ciencias_geológicas,3304,
213,johnny_espinoza_jr.,,m,,01/Dec/10,michael47@yahoo.com,universidad_nacional_de_tres_de_febrero,2020-12-19,arquitectura,8181,
214,donna_robinson,,f,,26/Oct/11,spencerbenjamin@yahoo.com,_universidad_de_palermo,2020-12-19,actuario_,1884,
215,shirley_martin,,f,,05/Aug/51,browntiffany@hotmail.com,universidad_nacional_de_tres_de_febrero,2020-11-20,contador_público_,9421,
216,wayne_diaz,,m,,15/Jun/03,cindyblackwell@gmail.com,_universidad_de_palermo,2020-10-20,farmacia,6652,
217,carol_williams,,f,,06/Jul/18,lovejames@yahoo.com,universidad_nacional_de_tres_de_febrero,2020-11-19,licenciatura_en_terapia_ocupacional,4187,
218,anthony_flores,,m,,08/Mar/24,fbryant@yahoo.com,universidad_nacional_de_tres_de_febrero,2020-10-20,licenciatura_en_ciencias_biológicas,4103,
219,travis_lee,,m,,21/May/77,byrddebbie@yahoo.com,universidad_nacional_de_tres_de_febrero,2020-12-21,licenciatura_en_ciencias_ambientales,2170,
220,vanessa_aguilar,,f,,09/Oct/67,bryantkristen@yahoo.com,_universidad_de_palermo,2020-12-21,ingeniería_mecánica,8105,
221,sean_bauer,,m,,09/Apr/23,skinnerjamie@gmail.com,universidad_nacional_de_tres_de_febrero,2020-09-21,licenciatura_en_ciencias_de_la_educación_,3716,
222,leonard_howard,,m,,03/May/45,hannahhammond@hotmail.com,universidad_nacional_de_tres_de_febrero,2020-11-19,técnico_para_bioterios_,6430,
223,laura_burton_phd,,f,,31/May/18,kingian@yahoo.com,universidad_nacional_de_tres_de_febrero,2020-10-20,licenciatura_en_ciencias_de_la_computación,5503,
224,george_martinez,,m,,15/Mar/63,gfarmer@hotmail.com,universidad_nacional_de_tres_de_febrero,2020-12-21,ingeniería_en_informática,3196,
225,andre_cook,,m,,21/Nov/87,charlesmorrison@hotmail.com,_universidad_de_palermo,2020-09-20,ingeniería_mecánica,6100,
226,amanda_randolph,,f,,28/Aug/72,laurendavis@hotmail.com,_universidad_de_palermo,2020-12-21,licenciatura_en_ciencias_de_la_computación,3057,
227,mark_taylor,,m,,21/Aug/29,penningtonmolly@yahoo.com,_universidad_de_palermo,2020-10-21,licenciatura_en_ciencia_política_,2915,
228,robert_bean,,m,,24/Dec/67,michaelnewman@gmail.com,_universidad_de_palermo,2020-12-20,licenciatura_en_ciencias_de_la_educación_,2441,
229,erin_farmer,,f,,15/Feb/07,sbaker@hotmail.com,_universidad_de_palermo,2021-01-20,agronomía,3460,
230,elizabeth_higgins,,f,,05/Feb/19,boconnor@gmail.com,universidad_nacional_de_tres_de_febrero,2020-12-21,licenciatura_en_artes,6383,
231,nicole_webb,,f,,02/Jan/22,rojashunter@hotmail.com,universidad_nacional_de_tres_de_febrero,2020-12-21,licenciatura_en_relaciones_del_trabajo_,5383,
232,daniel_russell,,m,,13/Apr/07,mcastaneda@gmail.com,_universidad_de_palermo,2020-12-19,licenciatura_en_producción_de_bioimagenes,2248,
233,philip_harris,,m,,24/Oct/71,marquezjohn@hotmail.com,_universidad_de_palermo,2020-12-21,agronomía,8512,
234,kendra_baker,,f,,12/Jun/61,jenniferkelly@yahoo.com,_universidad_de_palermo,2020-10-19,licenciatura_en_ciencia_y_tecnología_de_alimentos,3540,
235,donald_murphy,,m,,01/Nov/57,padillajasmine@gmail.com,_universidad_de_palermo,2021-01-21,licenciatura_en_relaciones_del_trabajo_,5511,
236,david_bell,,m,,11/Mar/12,halljimmy@hotmail.com,_universidad_de_palermo,2020-12-19,diseño_de_imagen_y_sonido,5615,
237,joseph_caldwell,,m,,24/Mar/16,ihammond@hotmail.com,_universidad_de_palermo,2020-12-19,ingeniería_electrónica,5575,
238,andrew_ray,,m,,08/Sep/12,sarahfoster@gmail.com,_universidad_de_palermo,2020-10-20,diseño_de_imagen_y_sonido,6346,
239,emily_ruiz,,f,,21/Aug/30,cindyclark@yahoo.com,_universidad_de_palermo,2020-10-19,ingeniería_en_informática,4726,
240,scott_nelson,,m,,25/Jun/51,swiggins@hotmail.com,_universidad_de_palermo,2020-11-20,licenciatura_en_kinesiología_y_fisiatría,7621,
241,gregory_sanchez,,m,,29/Nov/53,scortez@gmail.com,_universidad_de_palermo,2021-01-21,licenciatura_en_terapia_ocupacional,4186,
242,robert_armstrong,,m,,17/Mar/12,samuellee@gmail.com,_universidad_de_palermo,2020-11-20,licenciatura_en_producción_de_bioimagenes,5405,
243,robert_taylor,,m,,03/Nov/33,smithsarah@yahoo.com,universidad_nacional_de_tres_de_febrero,2020-11-21,diseño_de_imagen_y_sonido,1896,
244,carol_barber,,f,,28/Sep/61,marshalljamie@gmail.com,_universidad_de_palermo,2021-01-20,contador_público_,4740,
245,ryan_henson,,m,,29/Jan/54,angel33@gmail.com,universidad_nacional_de_tres_de_febrero,2020-11-20,licenciatura_en_ciencia_política_,7513,
246,leah_hunt,,f,,20/Dec/81,christine41@hotmail.com,_universidad_de_palermo,2021-01-21,licenciatura_en_psicología,4644,
247,timothy_berry,,m,,25/Jun/31,shepherdchloe@hotmail.com,_universidad_de_palermo,2020-10-20,licenciatura_en_ciencias_antropológicas,7540,
248,lisa_sullivan,,f,,13/Aug/19,dominguezedwin@gmail.com,universidad_nacional_de_tres_de_febrero,2020-10-20,licenciatura_en_ciencia_y_tecnología_de_alimentos,1648,
249,robert_lara,,m,,13/Apr/15,bradley59@yahoo.com,universidad_nacional_de_tres_de_febrero,2020-11-20,técnico_para_bioterios_,4237,
250,mrs._beverly_hill,,f,,19/Oct/44,adrian69@yahoo.com,_universidad_de_palermo,2020-11-21,farmacia,3509,
251,heather_becker,,f,,30/Aug/32,rachael67@hotmail.com,universidad_nacional_de_tres_de_febrero,2020-10-20,diseño_industrial,9420,
252,kyle_pham,,m,,24/Feb/72,brooke74@hotmail.com,_universidad_de_palermo,2020-09-21,licenciatura_en_ciencias_de_la_educación_,7240,
253,matthew_conner,,m,,03/Apr/94,thompsonbonnie@yahoo.com,_universidad_de_palermo,2021-01-20,licenciatura_en_ciencias_ambientales,3304,
254,stacey_haas,,f,,31/Jul/54,kkelley@hotmail.com,_universidad_de_palermo,2020-09-20,actuario_,3172,
255,marcia_smith,,f,,18/May/53,browncurtis@gmail.com,_universidad_de_palermo,2020-09-21,contador_público_,3252,
256,jason_buckley,,m,,16/Aug/88,hernandezjacob@hotmail.com,universidad_nacional_de_tres_de_febrero,2020-09-20,licenciatura_en_artes,3046,
257,chris_bell,,m,,07/Jan/60,cramsey@yahoo.com,_universidad_de_palermo,2020-12-21,contador_público_,5763,
258,luke_yu,,m,,26/Oct/80,ochan@yahoo.com,universidad_nacional_de_tres_de_febrero,2020-12-20,licenciatura_en_ciencias_ambientales,7631,
259,jason_reynolds,,m,,30/Aug/67,kirk43@yahoo.com,universidad_nacional_de_tres_de_febrero,2020-09-21,contador_público_,6064,
260,scott_shannon,,m,,28/Feb/70,deanjennifer@hotmail.com,_universidad_de_palermo,2020-10-19,licenciatura_en_sociología_,1761,
261,robert_hawkins,,m,,22/Jul/15,sean54@hotmail.com,universidad_nacional_de_tres_de_febrero,2020-10-19,licenciatura_en_terapia_ocupacional,5734,
262,tina_sims,,f,,10/Aug/15,howardalicia@yahoo.com,_universidad_de_palermo,2020-10-19,licenciatura_en_artes,2711,
263,taylor_bush,,m,,03/Aug/55,kenneth36@gmail.com,universidad_nacional_de_tres_de_febrero,2020-12-19,licenciatura_en_administración_,5621,
264,christy_clark,,f,,25/May/33,williamcooley@hotmail.com,_universidad_de_palermo,2020-11-20,medicina,2905,
265,stephanie_coleman,,f,,03/Nov/16,omarquez@yahoo.com,universidad_nacional_de_tres_de_febrero,2020-11-20,licenciatura_en_ciencias_geológicas,4655,
266,tiffany_odom,,f,,28/Nov/17,brittanymullen@gmail.com,universidad_nacional_de_tres_de_febrero,2020-12-19,licenciatura_en_ciencias_biológicas,1925,
267,alexander_hawkins,,m,,24/Aug/80,lrobertson@gmail.com,universidad_nacional_de_tres_de_febrero,2020-09-20,licenciatura_en_terapia_ocupacional,6472,
268,jason_garner,,m,,11/Aug/65,regina15@gmail.com,universidad_nacional_de_tres_de_febrero,2020-09-20,licenciatura_en_ciencias_antropológicas,6465,
269,andrew_morris,,m,,22/Jan/11,rwells@gmail.com,_universidad_de_palermo,2020-10-20,medicina,9311,
270,john_garcia,,m,,23/Dec/04,krodriguez@hotmail.com,_universidad_de_palermo,2021-01-21,licenciatura_en_ciencias_de_la_computación,8417,
271,jaclyn_brock,,f,,02/Jun/08,justinhatfield@hotmail.com,universidad_nacional_de_tres_de_febrero,2020-11-19,licenciatura_en_ciencias_de_la_educación_,9023,
272,brandon_garcia,,m,,03/Oct/45,shawcarol@hotmail.com,_universidad_de_palermo,2020-12-21,licenciatura_en_ciencias_de_la_educación_,6661,
273,douglas_mullins,,m,,02/Nov/48,lsmith@gmail.com,universidad_nacional_de_tres_de_febrero,2020-10-21,técnico_para_bioterios_,1672,
274,kelsey_ryan,,f,,13/Feb/46,taylor77@yahoo.com,universidad_nacional_de_tres_de_febrero,2020-11-19,contador_público_,2132,
275,victor_martin,,m,,07/Feb/09,scott47@yahoo.com,_universidad_de_palermo,2021-01-20,licenciatura_en_administración_,6516,
276,joshua_cobb,,m,,20/Oct/81,gwilson@yahoo.com,_universidad_de_palermo,2020-09-20,licenciatura_en_sociología_,2505,
277,corey_barber,,m,,16/Jul/36,walter82@gmail.com,_universidad_de_palermo,2021-01-20,licenciatura_en_planificación_y_diseño_del_paisaje,3428,
278,jill_glass,,f,,03/Sep/69,emilygarcia@gmail.com,universidad_nacional_de_tres_de_febrero,2020-12-19,técnico_para_bioterios_,3137,
279,lisa_phelps,,f,,21/Jun/83,martindakota@yahoo.com,_universidad_de_palermo,2020-11-21,medicina,8174,
280,nicole_torres,,f,,28/Oct/07,jennifer27@gmail.com,_universidad_de_palermo,2021-01-21,ingeniería_en_informática,4719,
281,vanessa_vega,,f,,09/Nov/76,sferrell@yahoo.com,universidad_nacional_de_tres_de_febrero,2020-11-20,licenciatura_en_ciencia_política_,3518,
282,michelle_cardenas,,f,,07/Dec/25,richardsjohn@gmail.com,_universidad_de_palermo,2020-12-21,ciencias_veterinarias,2109,
283,crystal_brown,,f,,02/Apr/12,pbenson@gmail.com,universidad_nacional_de_tres_de_febrero,2020-12-19,licenciatura_en_artes,2605,
284,nicholas_rivera,,m,,02/Nov/24,hannah60@gmail.com,universidad_nacional_de_tres_de_febrero,2020-11-19,diseño_de_imagen_y_sonido,6700,
285,tina_white,,f,,20/Jun/09,bergtoni@gmail.com,_universidad_de_palermo,2020-10-19,ingeniería_mecánica,7245,
286,olivia_blackburn,,f,,18/Mar/09,hlee@hotmail.com,_universidad_de_palermo,2020-12-20,licenciatura_en_sociología_,1913,
287,courtney_vega,,f,,31/Jan/98,jeffrey87@hotmail.com,universidad_nacional_de_tres_de_febrero,2021-01-20,ingeniería_en_informática,2113,
288,anthony_guerrero,,m,,08/Aug/42,vkeller@hotmail.com,universidad_nacional_de_tres_de_febrero,2020-11-20,diseño_industrial,5471,
289,michael_pena,,m,,25/Dec/13,kelly69@hotmail.com,_universidad_de_palermo,2020-09-20,licenciatura_en_planificación_y_diseño_del_paisaje,5357,
290,brian_morales,,m,,12/May/64,jeffrey11@gmail.com,_universidad_de_palermo,2020-09-21,ingeniería_mecánica,2805,
291,trevor_whitehead,,m,,22/Nov/16,emilyelliott@hotmail.com,universidad_nacional_de_tres_de_febrero,2020-12-20,técnico_para_bioterios_,5467,
292,marc_liu,,m,,27/Apr/65,amandahendrix@hotmail.com,universidad_nacional_de_tres_de_febrero,2021-01-21,arquitectura,7540,
293,laura_watts,,f,,06/Dec/09,john01@hotmail.com,_universidad_de_palermo,2020-12-20,actuario_,4713,
294,michelle_hanson,,f,,03/Nov/46,erivera@gmail.com,_universidad_de_palermo,2020-11-19,contador_público_,6213,
295,jessica_arnold,,f,,09/Oct/59,kimberlygreen@hotmail.com,_universidad_de_palermo,2020-10-19,ingeniería_en_informática,7507,
296,samantha_thomas,,f,,13/Mar/41,ososa@yahoo.com,_universidad_de_palermo,2020-10-19,licenciatura_en_terapia_ocupacional,5537,
297,michael_murray,,m,,17/Feb/60,srobertson@gmail.com,universidad_nacional_de_tres_de_febrero,2020-10-20,ingeniería_mecánica,2701,
298,amanda_smith,,f,,10/Jun/86,penningtonlaurie@gmail.com,universidad_nacional_de_tres_de_febrero,2020-09-20,licenciatura_en_ciencias_geológicas,3042,
299,ashley_vargas,,f,,19/Aug/55,tgrant@gmail.com,universidad_nacional_de_tres_de_febrero,2020-10-19,licenciatura_en_gestión_de_agroalimentos,3125,
300,veronica_buck_dvm,,f,,01/Sep/65,faith48@gmail.com,universidad_nacional_de_tres_de_febrero,2020-09-21,licenciatura_en_gestión_de_agroalimentos,5350,
301,emily_cochran,,f,,27/Apr/65,anthony62@yahoo.com,universidad_nacional_de_tres_de_febrero,2020-12-19,licenciatura_en_ciencias_geológicas,2631,
302,jason_gonzales,,m,,08/Jun/10,amygilbert@gmail.com,_universidad_de_palermo,2020-09-21,licenciatura_en_ciencias_geológicas,5715,
303,sonya_russell,,f,,24/Apr/05,jody47@hotmail.com,universidad_nacional_de_tres_de_febrero,2020-10-19,licenciatura_en_ciencias_geológicas,3416,
304,benjamin_garcia,,m,,20/Mar/22,haroldcastaneda@hotmail.com,_universidad_de_palermo,2020-11-19,ingeniería_en_informática,9107,
305,mary_russell,,f,,17/Apr/55,stricklandmegan@gmail.com,universidad_nacional_de_tres_de_febrero,2020-09-21,licenciatura_en_ciencia_y_tecnología_de_alimentos,4643,
306,sydney_greene,,f,,19/Aug/02,blairjessica@hotmail.com,_universidad_de_palermo,2020-11-20,bioquímica,8364,
307,charles_shaffer,,m,,07/Mar/09,sawyeryvonne@hotmail.com,universidad_nacional_de_tres_de_febrero,2020-10-20,agronomía,1706,
308,jeremy_thomas,,m,,28/Feb/15,wardmarc@gmail.com,_universidad_de_palermo,2020-12-21,ingeniería_mecánica,5700,
